0,0
300,0
600,0
900,2.15E-16
1200,4.30E-16
1500,6.45E-16
1800,1.08E-15
2100,1.51E-15
2400,2.15E-15
2700,2.58E-15
3000,3.23E-15
3300,3.87E-15
3600,4.73E-15
3900,5.59E-15
4200,6.45E-15
4500,7.31E-15
4800,8.39E-15
5100,9.46E-15
5400,1.05E-14
5700,1.20E-14
6000,1.33E-14
6300,1.46E-14
6600,1.59E-14
6900,1.76E-14
7200,1.91E-14
7500,2.06E-14
7800,2.24E-14
8100,2.43E-14
8400,2.60E-14
8700,2.80E-14
9000,2.99E-14
9300,3.20E-14
9600,3.40E-14
9900,3.61E-14
10200,3.83E-14
10500,4.06E-14
10800,4.32E-14
11100,4.56E-14
11400,4.80E-14
11700,5.05E-14
12000,5.33E-14
12300,5.59E-14
12600,5.87E-14
12900,6.15E-14
13200,6.45E-14
13500,6.73E-14
13800,7.03E-14
14100,7.36E-14
14400,7.68E-14
14700,8.00E-14
15000,8.32E-14
15300,8.67E-14
15600,9.01E-14
15900,9.36E-14
16200,9.70E-14
16500,1.01E-13
16800,1.05E-13
17100,1.08E-13
17400,1.12E-13
17700,1.16E-13
18000,1.20E-13
18300,1.24E-13
18600,1.28E-13
18900,1.32E-13
19200,1.37E-13
19500,1.41E-13
19800,1.45E-13
20100,1.50E-13
20400,1.54E-13
20700,1.59E-13
21000,1.63E-13
21300,1.68E-13
21600,1.73E-13
21900,1.78E-13
22200,1.83E-13
22500,1.88E-13
22800,1.93E-13
23100,1.98E-13
23400,2.03E-13
23700,2.08E-13
24000,2.14E-13
24300,2.19E-13
24600,2.25E-13
24900,2.30E-13
25200,2.36E-13
25500,2.41E-13
25800,2.47E-13
26100,2.53E-13
26400,2.59E-13
26700,2.65E-13
27000,2.71E-13
27300,2.77E-13
27600,2.83E-13
27900,2.89E-13
28200,2.95E-13
28500,3.02E-13
28800,3.08E-13
29100,3.14E-13
29400,3.21E-13
29700,3.28E-13
30000,3.34E-13
30300,3.41E-13
30600,3.48E-13
30900,3.55E-13
31200,3.62E-13
31500,3.69E-13
31800,3.76E-13
32100,3.83E-13
32400,3.90E-13
32700,3.97E-13
33000,4.05E-13
33300,4.12E-13
33600,4.20E-13
33900,4.27E-13
34200,4.35E-13
34500,4.43E-13
34800,4.50E-13
35100,4.58E-13
35400,4.66E-13
35700,4.74E-13
36000,4.82E-13
36300,4.90E-13
36600,4.99E-13
36900,5.07E-13
37200,5.15E-13
37500,5.23E-13
37800,5.32E-13
38100,5.40E-13
38400,5.49E-13
38700,5.58E-13
39000,5.66E-13
39300,5.75E-13
39600,5.84E-13
39900,5.93E-13
40200,6.02E-13
40500,6.11E-13
40800,6.20E-13
41100,6.30E-13
41400,6.39E-13
41700,6.48E-13
42000,6.58E-13
42300,6.67E-13
42600,6.77E-13
42900,6.86E-13
43200,6.96E-13
43500,7.06E-13
43800,7.16E-13
44100,7.26E-13
44400,7.36E-13
44700,7.46E-13
45000,7.56E-13
45300,7.66E-13
45600,7.76E-13
45900,7.87E-13
46200,7.97E-13
46500,8.08E-13
46800,8.18E-13
47100,8.29E-13
47400,8.39E-13
47700,8.50E-13
48000,8.61E-13
48300,8.72E-13
48600,8.83E-13
48900,8.94E-13
49200,9.05E-13
49500,9.16E-13
49800,9.28E-13
50100,9.39E-13
50400,9.50E-13
50700,9.62E-13
51000,9.73E-13
51300,9.85E-13
51600,9.97E-13
51900,1.01E-12
52200,1.02E-12
52500,1.03E-12
52800,1.04E-12
53100,1.06E-12
53400,1.07E-12
53700,1.08E-12
54000,1.09E-12
54300,1.11E-12
54600,1.12E-12
54900,1.13E-12
55200,1.14E-12
55500,1.16E-12
55800,1.17E-12
56100,1.18E-12
56400,1.19E-12
56700,1.21E-12
57000,1.22E-12
57300,1.23E-12
57600,1.25E-12
57900,1.26E-12
58200,1.27E-12
58500,1.29E-12
58800,1.30E-12
59100,1.31E-12
59400,1.33E-12
59700,1.34E-12
60000,1.35E-12
60300,1.37E-12
60600,1.38E-12
60900,1.39E-12
61200,1.41E-12
61500,1.42E-12
61800,1.44E-12
62100,1.45E-12
62400,1.47E-12
62700,1.48E-12
63000,1.49E-12
63300,1.51E-12
63600,1.52E-12
63900,1.54E-12
64200,1.55E-12
64500,1.57E-12
64800,1.58E-12
65100,1.60E-12
65400,1.61E-12
65700,1.63E-12
66000,1.64E-12
66300,1.66E-12
66600,1.67E-12
66900,1.69E-12
67200,1.70E-12
67500,1.72E-12
67800,1.74E-12
68100,1.75E-12
68400,1.77E-12
68700,1.78E-12
69000,1.80E-12
69300,1.81E-12
69600,1.83E-12
69900,1.85E-12
70200,1.86E-12
70500,1.88E-12
70800,1.90E-12
71100,1.91E-12
71400,1.93E-12
71700,1.95E-12
72000,1.96E-12
72300,1.98E-12
72600,2.00E-12
72900,2.01E-12
73200,2.03E-12
73500,2.05E-12
73800,2.06E-12
74100,2.08E-12
74400,2.10E-12
74700,2.12E-12
75000,2.13E-12
75300,2.15E-12
75600,2.17E-12
75900,2.19E-12
76200,2.20E-12
76500,2.22E-12
76800,2.24E-12
77100,2.26E-12
77400,2.28E-12
77700,2.29E-12
78000,2.31E-12
78300,2.33E-12
78600,2.35E-12
78900,2.37E-12
79200,2.39E-12
79500,2.40E-12
79800,2.42E-12
80100,2.44E-12
80400,2.46E-12
80700,2.48E-12
81000,2.50E-12
81300,2.52E-12
81600,2.54E-12
81900,2.56E-12
82200,2.57E-12
82500,2.59E-12
82800,2.61E-12
83100,2.63E-12
83400,2.65E-12
83700,2.67E-12
84000,2.69E-12
84300,2.71E-12
84600,2.73E-12
84900,2.75E-12
85200,2.77E-12
85500,2.79E-12
85800,2.81E-12
86100,2.83E-12
86400,2.85E-12
86700,2.87E-12
87000,2.89E-12
87300,2.92E-12
87600,2.94E-12
87900,2.96E-12
88200,2.98E-12
88500,3.00E-12
88800,3.02E-12
89100,3.04E-12
89400,3.06E-12
89700,3.08E-12
90000,3.10E-12
90300,3.13E-12
90600,3.15E-12
90900,3.17E-12
91200,3.19E-12
91500,3.21E-12
91800,3.23E-12
92100,3.26E-12
92400,3.28E-12
92700,3.30E-12
93000,3.32E-12
93300,3.35E-12
93600,3.37E-12
93900,3.39E-12
94200,3.41E-12
94500,3.44E-12
94800,3.46E-12
95100,3.48E-12
95400,3.50E-12
95700,3.53E-12
96000,3.55E-12
96300,3.57E-12
96600,3.60E-12
96900,3.62E-12
97200,3.64E-12
97500,3.67E-12
97800,3.69E-12
98100,3.71E-12
98400,3.74E-12
98700,3.76E-12
99000,3.78E-12
99300,3.81E-12
99600,3.83E-12
99900,3.86E-12
100200,3.88E-12
100500,3.90E-12
100800,3.93E-12
101100,3.95E-12
101400,3.98E-12
101700,4.00E-12
102000,4.03E-12
102300,4.05E-12
102600,4.08E-12
102900,4.10E-12
103200,4.13E-12
103500,4.15E-12
103800,4.18E-12
104100,4.20E-12
104400,4.23E-12
104700,4.25E-12
105000,4.28E-12
105300,4.31E-12
105600,4.33E-12
105900,4.36E-12
106200,4.38E-12
106500,4.41E-12
106800,4.43E-12
107100,4.46E-12
107400,4.49E-12
107700,4.51E-12
108000,4.54E-12
108300,4.57E-12
108600,4.59E-12
108900,4.62E-12
109200,4.65E-12
109500,4.67E-12
109800,4.70E-12
110100,4.73E-12
110400,4.75E-12
110700,4.78E-12
111000,4.81E-12
111300,4.84E-12
111600,4.86E-12
111900,4.89E-12
112200,4.92E-12
112500,4.95E-12
112800,4.98E-12
113100,5.00E-12
113400,5.03E-12
113700,5.06E-12
114000,5.09E-12
114300,5.12E-12
114600,5.14E-12
114900,5.17E-12
115200,5.20E-12
115500,5.23E-12
115800,5.26E-12
116100,5.29E-12
116400,5.32E-12
116700,5.35E-12
117000,5.38E-12
117300,5.40E-12
117600,5.43E-12
117900,5.46E-12
118200,5.49E-12
118500,5.52E-12
118800,5.55E-12
119100,5.58E-12
119400,5.61E-12
119700,5.64E-12
120000,5.67E-12
120300,5.70E-12
120600,5.73E-12
120900,5.76E-12
121200,5.79E-12
121500,5.82E-12
121800,5.85E-12
122100,5.88E-12
122400,5.92E-12
122700,5.95E-12
123000,5.98E-12
123300,6.01E-12
123600,6.04E-12
123900,6.07E-12
124200,6.10E-12
124500,6.13E-12
124800,6.17E-12
125100,6.20E-12
125400,6.23E-12
125700,6.26E-12
126000,6.29E-12
126300,6.33E-12
126600,6.36E-12
126900,6.39E-12
127200,6.42E-12
127500,6.45E-12
127800,6.49E-12
128100,6.52E-12
128400,6.55E-12
128700,6.59E-12
129000,6.62E-12
129300,6.65E-12
129600,6.68E-12
129900,6.72E-12
130200,6.75E-12
130500,6.78E-12
130800,6.82E-12
131100,6.85E-12
131400,6.89E-12
131700,6.92E-12
132000,6.95E-12
132300,6.99E-12
132600,7.02E-12
132900,7.06E-12
133200,7.09E-12
133500,7.12E-12
133800,7.16E-12
134100,7.19E-12
134400,7.23E-12
134700,7.26E-12
135000,7.30E-12
135300,7.33E-12
135600,7.37E-12
135900,7.40E-12
136200,7.44E-12
136500,7.47E-12
136800,7.51E-12
137100,7.55E-12
137400,7.58E-12
137700,7.62E-12
138000,7.65E-12
138300,7.69E-12
138600,7.73E-12
138900,7.76E-12
139200,7.80E-12
139500,7.83E-12
139800,7.87E-12
140100,7.91E-12
140400,7.94E-12
140700,7.98E-12
141000,8.02E-12
141300,8.06E-12
141600,8.09E-12
141900,8.13E-12
142200,8.17E-12
142500,8.21E-12
142800,8.24E-12
143100,8.28E-12
143400,8.32E-12
143700,8.36E-12
144000,8.39E-12
144300,8.43E-12
144600,8.47E-12
144900,8.51E-12
145200,8.55E-12
145500,8.59E-12
145800,8.63E-12
146100,8.66E-12
146400,8.70E-12
146700,8.74E-12
147000,8.78E-12
147300,8.82E-12
147600,8.86E-12
147900,8.90E-12
148200,8.94E-12
148500,8.98E-12
148800,9.02E-12
149100,9.06E-12
149400,9.10E-12
149700,9.14E-12
150000,9.18E-12
150300,9.22E-12
150600,9.26E-12
150900,9.30E-12
151200,9.34E-12
151500,9.38E-12
151800,9.42E-12
152100,9.46E-12
152400,9.50E-12
152700,9.55E-12
153000,9.59E-12
153300,9.63E-12
153600,9.67E-12
153900,9.71E-12
154200,9.75E-12
154500,9.80E-12
154800,9.84E-12
155100,9.88E-12
155400,9.92E-12
155700,9.96E-12
156000,1.00E-11
156300,1.00E-11
156600,1.01E-11
156900,1.01E-11
157200,1.02E-11
157500,1.02E-11
157800,1.03E-11
158100,1.03E-11
158400,1.04E-11
158700,1.04E-11
159000,1.04E-11
159300,1.05E-11
159600,1.05E-11
159900,1.06E-11
160200,1.06E-11
160500,1.07E-11
160800,1.07E-11
161100,1.07E-11
161400,1.08E-11
161700,1.08E-11
162000,1.09E-11
162300,1.09E-11
162600,1.10E-11
162900,1.10E-11
163200,1.11E-11
163500,1.11E-11
163800,1.12E-11
164100,1.12E-11
164400,1.12E-11
164700,1.13E-11
165000,1.13E-11
165300,1.14E-11
165600,1.14E-11
165900,1.15E-11
166200,1.15E-11
166500,1.16E-11
166800,1.16E-11
167100,1.17E-11
167400,1.17E-11
167700,1.18E-11
168000,1.18E-11
168300,1.19E-11
168600,1.19E-11
168900,1.19E-11
169200,1.20E-11
169500,1.20E-11
169800,1.21E-11
170100,1.21E-11
170400,1.22E-11
170700,1.22E-11
171000,1.23E-11
171300,1.23E-11
171600,1.24E-11
171900,1.24E-11
172200,1.25E-11
172500,1.25E-11
172800,1.26E-11
173100,1.26E-11
173400,1.27E-11
173700,1.27E-11
174000,1.28E-11
174300,1.28E-11
174600,1.29E-11
174900,1.29E-11
175200,1.30E-11
175500,1.30E-11
175800,1.31E-11
176100,1.31E-11
176400,1.32E-11
176700,1.32E-11
177000,1.33E-11
177300,1.33E-11
177600,1.34E-11
177900,1.34E-11
178200,1.35E-11
178500,1.35E-11
178800,1.36E-11
179100,1.36E-11
179400,1.37E-11
179700,1.37E-11
180000,1.38E-11
180300,1.38E-11
180600,1.39E-11
180900,1.40E-11
181200,1.40E-11
181500,1.41E-11
181800,1.41E-11
182100,1.42E-11
182400,1.42E-11
182700,1.43E-11
183000,1.43E-11
183300,1.44E-11
183600,1.44E-11
183900,1.45E-11
184200,1.45E-11
184500,1.46E-11
184800,1.47E-11
185100,1.47E-11
185400,1.48E-11
185700,1.48E-11
186000,1.49E-11
186300,1.49E-11
186600,1.50E-11
186900,1.50E-11
187200,1.51E-11
187500,1.51E-11
187800,1.52E-11
188100,1.53E-11
188400,1.53E-11
188700,1.54E-11
189000,1.54E-11
189300,1.55E-11
189600,1.55E-11
189900,1.56E-11
190200,1.57E-11
190500,1.57E-11
190800,1.58E-11
191100,1.58E-11
191400,1.59E-11
191700,1.59E-11
192000,1.60E-11
192300,1.61E-11
192600,1.61E-11
192900,1.62E-11
193200,1.62E-11
193500,1.63E-11
193800,1.64E-11
194100,1.64E-11
194400,1.65E-11
194700,1.65E-11
195000,1.66E-11
195300,1.67E-11
195600,1.67E-11
195900,1.68E-11
196200,1.68E-11
196500,1.69E-11
196800,1.70E-11
197100,1.70E-11
197400,1.71E-11
197700,1.71E-11
198000,1.72E-11
198300,1.73E-11
198600,1.73E-11
198900,1.74E-11
199200,1.74E-11
199500,1.75E-11
199800,1.76E-11
200100,1.76E-11
200400,1.77E-11
200700,1.77E-11
201000,1.78E-11
201300,1.79E-11
201600,1.79E-11
201900,1.80E-11
202200,1.81E-11
202500,1.81E-11
202800,1.82E-11
203100,1.83E-11
203400,1.83E-11
203700,1.84E-11
204000,1.84E-11
204300,1.85E-11
204600,1.86E-11
204900,1.86E-11
205200,1.87E-11
205500,1.88E-11
205800,1.88E-11
206100,1.89E-11
206400,1.90E-11
206700,1.90E-11
207000,1.91E-11
207300,1.92E-11
207600,1.92E-11
207900,1.93E-11
208200,1.94E-11
208500,1.94E-11
208800,1.95E-11
209100,1.96E-11
209400,1.96E-11
209700,1.97E-11
210000,1.98E-11
210300,1.98E-11
210600,1.99E-11
210900,2.00E-11
211200,2.00E-11
211500,2.01E-11
211800,2.02E-11
212100,2.02E-11
212400,2.03E-11
212700,2.04E-11
213000,2.04E-11
213300,2.05E-11
213600,2.06E-11
213900,2.06E-11
214200,2.07E-11
214500,2.08E-11
214800,2.09E-11
215100,2.09E-11
215400,2.10E-11
215700,2.11E-11
216000,2.11E-11
216300,2.12E-11
216600,2.13E-11
216900,2.13E-11
217200,2.14E-11
217500,2.15E-11
217800,2.16E-11
218100,2.16E-11
218400,2.17E-11
218700,2.18E-11
219000,2.18E-11
219300,2.19E-11
219600,2.20E-11
219900,2.21E-11
220200,2.21E-11
220500,2.22E-11
220800,2.23E-11
221100,2.24E-11
221400,2.24E-11
221700,2.25E-11
222000,2.26E-11
222300,2.27E-11
222600,2.27E-11
222900,2.28E-11
223200,2.29E-11
223500,2.30E-11
223800,2.30E-11
224100,2.31E-11
224400,2.32E-11
224700,2.33E-11
225000,2.33E-11
225300,2.34E-11
225600,2.35E-11
225900,2.36E-11
226200,2.36E-11
226500,2.37E-11
226800,2.38E-11
227100,2.39E-11
227400,2.39E-11
227700,2.40E-11
228000,2.41E-11
228300,2.42E-11
228600,2.43E-11
228900,2.43E-11
229200,2.44E-11
229500,2.45E-11
229800,2.46E-11
230100,2.46E-11
230400,2.47E-11
230700,2.48E-11
231000,2.49E-11
231300,2.50E-11
231600,2.50E-11
231900,2.51E-11
232200,2.52E-11
232500,2.53E-11
232800,2.54E-11
233100,2.54E-11
233400,2.55E-11
233700,2.56E-11
234000,2.57E-11
234300,2.58E-11
234600,2.58E-11
234900,2.59E-11
235200,2.60E-11
235500,2.61E-11
235800,2.62E-11
236100,2.63E-11
236400,2.63E-11
236700,2.64E-11
237000,2.65E-11
237300,2.66E-11
237600,2.67E-11
237900,2.68E-11
238200,2.68E-11
238500,2.69E-11
238800,2.70E-11
239100,2.71E-11
239400,2.72E-11
239700,2.73E-11
240000,2.74E-11
240300,2.74E-11
240600,2.75E-11
240900,2.76E-11
241200,2.77E-11
241500,2.78E-11
241800,2.79E-11
242100,2.80E-11
242400,2.80E-11
242700,2.81E-11
243000,2.82E-11
243300,2.83E-11
243600,2.84E-11
243900,2.85E-11
244200,2.86E-11
244500,2.87E-11
244800,2.87E-11
245100,2.88E-11
245400,2.89E-11
245700,2.90E-11
246000,2.91E-11
246300,2.92E-11
246600,2.93E-11
246900,2.94E-11
247200,2.95E-11
247500,2.96E-11
247800,2.96E-11
248100,2.97E-11
248400,2.98E-11
248700,2.99E-11
249000,3.00E-11
249300,3.01E-11
249600,3.02E-11
249900,3.03E-11
250200,3.04E-11
250500,3.05E-11
250800,3.06E-11
251100,3.07E-11
251400,3.08E-11
251700,3.08E-11
252000,3.09E-11
252300,3.10E-11
252600,3.11E-11
252900,3.12E-11
253200,3.13E-11
253500,3.14E-11
253800,3.15E-11
254100,3.16E-11
254400,3.17E-11
254700,3.18E-11
255000,3.19E-11
255300,3.20E-11
255600,3.21E-11
255900,3.22E-11
256200,3.23E-11
256500,3.24E-11
256800,3.25E-11
257100,3.26E-11
257400,3.27E-11
257700,3.28E-11
258000,3.29E-11
258300,3.30E-11
258600,3.31E-11
258900,3.32E-11
259200,3.33E-11
259500,3.34E-11
259800,3.35E-11
260100,3.36E-11
260400,3.37E-11
260700,3.38E-11
261000,3.39E-11
261300,3.40E-11
261600,3.41E-11
261900,3.42E-11
262200,3.43E-11
262500,3.44E-11
262800,3.45E-11
263100,3.46E-11
263400,3.47E-11
263700,3.48E-11
264000,3.49E-11
264300,3.50E-11
264600,3.51E-11
264900,3.52E-11
265200,3.53E-11
265500,3.54E-11
265800,3.55E-11
266100,3.56E-11
266400,3.57E-11
266700,3.58E-11
267000,3.59E-11
267300,3.60E-11
267600,3.61E-11
267900,3.62E-11
268200,3.63E-11
268500,3.65E-11
268800,3.66E-11
269100,3.67E-11
269400,3.68E-11
269700,3.69E-11
270000,3.70E-11
270300,3.71E-11
270600,3.72E-11
270900,3.73E-11
271200,3.74E-11
271500,3.75E-11
271800,3.76E-11
272100,3.77E-11
272400,3.79E-11
272700,3.80E-11
273000,3.81E-11
273300,3.82E-11
273600,3.83E-11
273900,3.84E-11
274200,3.85E-11
274500,3.86E-11
274800,3.87E-11
275100,3.89E-11
275400,3.90E-11
275700,3.91E-11
276000,3.92E-11
276300,3.93E-11
276600,3.94E-11
276900,3.95E-11
277200,3.97E-11
277500,3.98E-11
277800,3.99E-11
278100,4.00E-11
278400,4.01E-11
278700,4.02E-11
279000,4.03E-11
279300,4.05E-11
279600,4.06E-11
279900,4.07E-11
280200,4.08E-11
280500,4.09E-11
280800,4.10E-11
281100,4.12E-11
281400,4.13E-11
281700,4.14E-11
282000,4.15E-11
282300,4.16E-11
282600,4.18E-11
282900,4.19E-11
283200,4.20E-11
283500,4.21E-11
283800,4.22E-11
284100,4.24E-11
284400,4.25E-11
284700,4.26E-11
285000,4.27E-11
285300,4.28E-11
285600,4.30E-11
285900,4.31E-11
286200,4.32E-11
286500,4.33E-11
286800,4.35E-11
287100,4.36E-11
287400,4.37E-11
287700,4.38E-11
288000,4.39E-11
288300,4.41E-11
288600,4.42E-11
288900,4.43E-11
289200,4.44E-11
289500,4.46E-11
289800,4.47E-11
290100,4.48E-11
290400,4.49E-11
290700,4.51E-11
291000,4.52E-11
291300,4.53E-11
291600,4.55E-11
291900,4.56E-11
292200,4.57E-11
292500,4.58E-11
292800,4.60E-11
293100,4.61E-11
293400,4.62E-11
293700,4.64E-11
294000,4.65E-11
294300,4.66E-11
294600,4.68E-11
294900,4.69E-11
295200,4.70E-11
295500,4.71E-11
295800,4.73E-11
296100,4.74E-11
296400,4.75E-11
296700,4.77E-11
297000,4.78E-11
297300,4.79E-11
297600,4.81E-11
297900,4.82E-11
298200,4.83E-11
298500,4.85E-11
298800,4.86E-11
299100,4.87E-11
299400,4.89E-11
299700,4.90E-11
300000,4.92E-11
300300,4.93E-11
300600,4.94E-11
300900,4.96E-11
301200,4.97E-11
301500,4.98E-11
301800,5.00E-11
302100,5.01E-11
302400,5.03E-11
302700,5.04E-11
303000,5.05E-11
303300,5.07E-11
303600,5.08E-11
303900,5.10E-11
304200,5.11E-11
304500,5.12E-11
304800,5.14E-11
305100,5.15E-11
305400,5.17E-11
305700,5.18E-11
306000,5.19E-11
306300,5.21E-11
306600,5.22E-11
306900,5.24E-11
307200,5.25E-11
307500,5.27E-11
307800,5.28E-11
308100,5.30E-11
308400,5.31E-11
308700,5.32E-11
309000,5.34E-11
309300,5.35E-11
309600,5.37E-11
309900,5.38E-11
310200,5.40E-11
310500,5.41E-11
310800,5.43E-11
311100,5.44E-11
311400,5.46E-11
311700,5.47E-11
312000,5.49E-11
312300,5.50E-11
312600,5.52E-11
312900,5.53E-11
313200,5.55E-11
313500,5.56E-11
313800,5.58E-11
314100,5.59E-11
314400,5.61E-11
314700,5.62E-11
315000,5.64E-11
315300,5.65E-11
315600,5.67E-11
315900,5.68E-11
316200,5.70E-11
316500,5.72E-11
316800,5.73E-11
317100,5.75E-11
317400,5.76E-11
317700,5.78E-11
318000,5.79E-11
318300,5.81E-11
318600,5.82E-11
318900,5.84E-11
319200,5.86E-11
319500,5.87E-11
319800,5.89E-11
320100,5.90E-11
320400,5.92E-11
320700,5.94E-11
321000,5.95E-11
321300,5.97E-11
321600,5.98E-11
321900,6.00E-11
322200,6.02E-11
322500,6.03E-11
322800,6.05E-11
323100,6.06E-11
323400,6.08E-11
323700,6.10E-11
324000,6.11E-11
324300,6.13E-11
324600,6.15E-11
324900,6.16E-11
325200,6.18E-11
325500,6.20E-11
325800,6.21E-11
326100,6.23E-11
326400,6.25E-11
326700,6.26E-11
327000,6.28E-11
327300,6.30E-11
327600,6.31E-11
327900,6.33E-11
328200,6.35E-11
328500,6.36E-11
328800,6.38E-11
329100,6.40E-11
329400,6.42E-11
329700,6.43E-11
330000,6.45E-11
330300,6.47E-11
330600,6.48E-11
330900,6.50E-11
331200,6.52E-11
331500,6.54E-11
331800,6.55E-11
332100,6.57E-11
332400,6.59E-11
332700,6.61E-11
333000,6.62E-11
333300,6.64E-11
333600,6.66E-11
333900,6.68E-11
334200,6.69E-11
334500,6.71E-11
334800,6.73E-11
335100,6.75E-11
335400,6.77E-11
335700,6.78E-11
336000,6.80E-11
336300,6.82E-11
336600,6.84E-11
336900,6.86E-11
337200,6.87E-11
337500,6.89E-11
337800,6.91E-11
338100,6.93E-11
338400,6.95E-11
338700,6.97E-11
339000,6.98E-11
339300,7.00E-11
339600,7.02E-11
339900,7.04E-11
340200,7.06E-11
340500,7.08E-11
340800,7.10E-11
341100,7.11E-11
341400,7.13E-11
341700,7.15E-11
342000,7.17E-11
342300,7.19E-11
342600,7.21E-11
342900,7.23E-11
343200,7.25E-11
343500,7.26E-11
343800,7.28E-11
344100,7.30E-11
344400,7.32E-11
344700,7.34E-11
345000,7.36E-11
345300,7.38E-11
345600,7.40E-11
345900,7.42E-11
346200,7.44E-11
346500,7.46E-11
346800,7.48E-11
347100,7.50E-11
347400,7.52E-11
347700,7.54E-11
348000,7.56E-11
348300,7.58E-11
348600,7.60E-11
348900,7.62E-11
349200,7.64E-11
349500,7.66E-11
349800,7.68E-11
350100,7.70E-11
350400,7.72E-11
350700,7.74E-11
351000,7.76E-11
351300,7.78E-11
351600,7.80E-11
351900,7.82E-11
352200,7.84E-11
352500,7.86E-11
352800,7.88E-11
353100,7.90E-11
353400,7.92E-11
353700,7.94E-11
354000,7.96E-11
354300,7.98E-11
354600,8.00E-11
354900,8.02E-11
355200,8.04E-11
355500,8.06E-11
355800,8.09E-11
356100,8.11E-11
356400,8.13E-11
356700,8.15E-11
357000,8.17E-11
357300,8.19E-11
357600,8.21E-11
357900,8.23E-11
358200,8.25E-11
358500,8.28E-11
358800,8.30E-11
359100,8.32E-11
359400,8.34E-11
359700,8.36E-11
360000,8.38E-11
360300,8.41E-11
360600,8.43E-11
360900,8.45E-11
361200,8.47E-11
361500,8.49E-11
361800,8.51E-11
362100,8.54E-11
362400,8.56E-11
362700,8.58E-11
363000,8.60E-11
363300,8.63E-11
363600,8.65E-11
363900,8.67E-11
364200,8.69E-11
364500,8.71E-11
364800,8.74E-11
365100,8.76E-11
365400,8.78E-11
365700,8.80E-11
366000,8.83E-11
366300,8.85E-11
366600,8.87E-11
366900,8.90E-11
367200,8.92E-11
367500,8.94E-11
367800,8.96E-11
368100,8.99E-11
368400,9.01E-11
368700,9.03E-11
369000,9.06E-11
369300,9.08E-11
369600,9.10E-11
369900,9.13E-11
370200,9.15E-11
370500,9.17E-11
370800,9.20E-11
371100,9.22E-11
371400,9.24E-11
371700,9.27E-11
372000,9.29E-11
372300,9.32E-11
372600,9.34E-11
372900,9.36E-11
373200,9.39E-11
373500,9.41E-11
373800,9.44E-11
374100,9.46E-11
374400,9.48E-11
374700,9.51E-11
375000,9.53E-11
375300,9.56E-11
375600,9.58E-11
375900,9.61E-11
376200,9.63E-11
376500,9.65E-11
376800,9.68E-11
377100,9.70E-11
377400,9.73E-11
377700,9.75E-11
378000,9.78E-11
378300,9.80E-11
378600,9.83E-11
378900,9.85E-11
379200,9.88E-11
379500,9.90E-11
379800,9.93E-11
380100,9.95E-11
380400,9.98E-11
380700,1.00E-10
381000,1.00E-10
381300,1.01E-10
381600,1.01E-10
381900,1.01E-10
382200,1.01E-10
382500,1.02E-10
382800,1.02E-10
383100,1.02E-10
383400,1.02E-10
383700,1.03E-10
384000,1.03E-10
384300,1.03E-10
384600,1.03E-10
384900,1.04E-10
385200,1.04E-10
385500,1.04E-10
385800,1.04E-10
386100,1.05E-10
386400,1.05E-10
386700,1.05E-10
387000,1.06E-10
387300,1.06E-10
387600,1.06E-10
387900,1.06E-10
388200,1.07E-10
388500,1.07E-10
388800,1.07E-10
389100,1.07E-10
389400,1.08E-10
389700,1.08E-10
390000,1.08E-10
390300,1.08E-10
390600,1.09E-10
390900,1.09E-10
391200,1.09E-10
391500,1.10E-10
391800,1.10E-10
392100,1.10E-10
392400,1.10E-10
392700,1.11E-10
393000,1.11E-10
393300,1.11E-10
393600,1.12E-10
393900,1.12E-10
394200,1.12E-10
394500,1.12E-10
394800,1.13E-10
395100,1.13E-10
395400,1.13E-10
395700,1.14E-10
396000,1.14E-10
396300,1.14E-10
396600,1.14E-10
396900,1.15E-10
397200,1.15E-10
397500,1.15E-10
397800,1.16E-10
398100,1.16E-10
398400,1.16E-10
398700,1.16E-10
399000,1.17E-10
399300,1.17E-10
399600,1.17E-10
399900,1.18E-10
400200,1.18E-10
400500,1.18E-10
400800,1.18E-10
401100,1.19E-10
401400,1.19E-10
401700,1.19E-10
402000,1.20E-10
402300,1.20E-10
402600,1.20E-10
402900,1.21E-10
403200,1.21E-10
403500,1.21E-10
403800,1.21E-10
404100,1.22E-10
404400,1.22E-10
404700,1.22E-10
405000,1.23E-10
405300,1.23E-10
405600,1.23E-10
405900,1.24E-10
406200,1.24E-10
406500,1.24E-10
406800,1.25E-10
407100,1.25E-10
407400,1.25E-10
407700,1.25E-10
408000,1.26E-10
408300,1.26E-10
408600,1.26E-10
408900,1.27E-10
409200,1.27E-10
409500,1.27E-10
409800,1.28E-10
410100,1.28E-10
410400,1.28E-10
410700,1.29E-10
411000,1.29E-10
411300,1.29E-10
411600,1.30E-10
411900,1.30E-10
412200,1.30E-10
412500,1.31E-10
412800,1.31E-10
413100,1.31E-10
413400,1.32E-10
413700,1.32E-10
414000,1.32E-10
414300,1.33E-10
414600,1.33E-10
414900,1.33E-10
415200,1.34E-10
415500,1.34E-10
415800,1.34E-10
416100,1.35E-10
416400,1.35E-10
416700,1.35E-10
417000,1.36E-10
417300,1.36E-10
417600,1.36E-10
417900,1.37E-10
418200,1.37E-10
418500,1.37E-10
418800,1.38E-10
419100,1.38E-10
419400,1.38E-10
419700,1.39E-10
420000,1.39E-10
420300,1.39E-10
420600,1.40E-10
420900,1.40E-10
421200,1.40E-10
421500,1.41E-10
421800,1.41E-10
422100,1.41E-10
422400,1.42E-10
422700,1.42E-10
423000,1.42E-10
423300,1.43E-10
423600,1.43E-10
423900,1.44E-10
424200,1.44E-10
424500,1.44E-10
424800,1.45E-10
425100,1.45E-10
425400,1.45E-10
425700,1.46E-10
426000,1.46E-10
426300,1.46E-10
426600,1.47E-10
426900,1.47E-10
427200,1.47E-10
427500,1.48E-10
427800,1.48E-10
428100,1.49E-10
428400,1.49E-10
428700,1.49E-10
429000,1.50E-10
429300,1.50E-10
429600,1.50E-10
429900,1.51E-10
430200,1.51E-10
430500,1.52E-10
430800,1.52E-10
431100,1.52E-10
431400,1.53E-10
431700,1.53E-10
432000,1.53E-10
432300,1.54E-10
432600,1.54E-10
432900,1.55E-10
433200,1.55E-10
433500,1.55E-10
433800,1.56E-10
434100,1.56E-10
434400,1.56E-10
434700,1.57E-10
435000,1.57E-10
435300,1.58E-10
435600,1.58E-10
435900,1.58E-10
436200,1.59E-10
436500,1.59E-10
436800,1.60E-10
437100,1.60E-10
437400,1.60E-10
437700,1.61E-10
438000,1.61E-10
438300,1.62E-10
438600,1.62E-10
438900,1.62E-10
439200,1.63E-10
439500,1.63E-10
439800,1.64E-10
440100,1.64E-10
440400,1.64E-10
440700,1.65E-10
441000,1.65E-10
441300,1.66E-10
441600,1.66E-10
441900,1.66E-10
442200,1.67E-10
442500,1.67E-10
442800,1.68E-10
443100,1.68E-10
443400,1.68E-10
443700,1.69E-10
444000,1.69E-10
444300,1.70E-10
444600,1.70E-10
444900,1.71E-10
445200,1.71E-10
445500,1.71E-10
445800,1.72E-10
446100,1.72E-10
446400,1.73E-10
446700,1.73E-10
447000,1.73E-10
447300,1.74E-10
447600,1.74E-10
447900,1.75E-10
448200,1.75E-10
448500,1.76E-10
448800,1.76E-10
449100,1.76E-10
449400,1.77E-10
449700,1.77E-10
450000,1.78E-10
450300,1.78E-10
450600,1.79E-10
450900,1.79E-10
451200,1.79E-10
451500,1.80E-10
451800,1.80E-10
452100,1.81E-10
452400,1.81E-10
452700,1.82E-10
453000,1.82E-10
453300,1.83E-10
453600,1.83E-10
453900,1.83E-10
454200,1.84E-10
454500,1.84E-10
454800,1.85E-10
455100,1.85E-10
455400,1.86E-10
455700,1.86E-10
456000,1.87E-10
456300,1.87E-10
456600,1.88E-10
456900,1.88E-10
457200,1.88E-10
457500,1.89E-10
457800,1.89E-10
458100,1.90E-10
458400,1.90E-10
458700,1.91E-10
459000,1.91E-10
459300,1.92E-10
459600,1.92E-10
459900,1.93E-10
460200,1.93E-10
460500,1.94E-10
460800,1.94E-10
461100,1.95E-10
461400,1.95E-10
461700,1.96E-10
462000,1.96E-10
462300,1.96E-10
462600,1.97E-10
462900,1.97E-10
463200,1.98E-10
463500,1.98E-10
463800,1.99E-10
464100,1.99E-10
464400,2.00E-10
464700,2.00E-10
465000,2.01E-10
465300,2.01E-10
465600,2.02E-10
465900,2.02E-10
466200,2.03E-10
466500,2.03E-10
466800,2.04E-10
467100,2.04E-10
467400,2.05E-10
467700,2.05E-10
468000,2.06E-10
468300,2.06E-10
468600,2.07E-10
468900,2.07E-10
469200,2.08E-10
469500,2.08E-10
469800,2.09E-10
470100,2.09E-10
470400,2.10E-10
470700,2.10E-10
471000,2.11E-10
471300,2.11E-10
471600,2.12E-10
471900,2.12E-10
472200,2.13E-10
472500,2.13E-10
472800,2.14E-10
473100,2.14E-10
473400,2.15E-10
473700,2.15E-10
474000,2.16E-10
474300,2.17E-10
474600,2.17E-10
474900,2.18E-10
475200,2.18E-10
475500,2.19E-10
475800,2.19E-10
476100,2.20E-10
476400,2.20E-10
476700,2.21E-10
477000,2.21E-10
477300,2.22E-10
477600,2.22E-10
477900,2.23E-10
478200,2.23E-10
478500,2.24E-10
478800,2.25E-10
479100,2.25E-10
479400,2.26E-10
479700,2.26E-10
480000,2.27E-10
480300,2.27E-10
480600,2.28E-10
480900,2.28E-10
481200,2.29E-10
481500,2.29E-10
481800,2.30E-10
482100,2.31E-10
482400,2.31E-10
482700,2.32E-10
483000,2.32E-10
483300,2.33E-10
483600,2.33E-10
483900,2.34E-10
484200,2.35E-10
484500,2.35E-10
484800,2.36E-10
485100,2.36E-10
485400,2.37E-10
485700,2.37E-10
486000,2.38E-10
486300,2.39E-10
486600,2.39E-10
486900,2.40E-10
487200,2.40E-10
487500,2.41E-10
487800,2.41E-10
488100,2.42E-10
488400,2.43E-10
488700,2.43E-10
489000,2.44E-10
489300,2.44E-10
489600,2.45E-10
489900,2.46E-10
490200,2.46E-10
490500,2.47E-10
490800,2.47E-10
491100,2.48E-10
491400,2.49E-10
491700,2.49E-10
492000,2.50E-10
492300,2.50E-10
492600,2.51E-10
492900,2.52E-10
493200,2.52E-10
493500,2.53E-10
493800,2.53E-10
494100,2.54E-10
494400,2.55E-10
494700,2.55E-10
495000,2.56E-10
495300,2.56E-10
495600,2.57E-10
495900,2.58E-10
496200,2.58E-10
496500,2.59E-10
496800,2.60E-10
497100,2.60E-10
497400,2.61E-10
497700,2.61E-10
498000,2.62E-10
498300,2.63E-10
498600,2.63E-10
498900,2.64E-10
499200,2.65E-10
499500,2.65E-10
499800,2.66E-10
500100,2.67E-10
500400,2.67E-10
500700,2.68E-10
501000,2.68E-10
501300,2.69E-10
501600,2.70E-10
501900,2.70E-10
502200,2.71E-10
502500,2.72E-10
502800,2.72E-10
503100,2.73E-10
503400,2.74E-10
503700,2.74E-10
504000,2.75E-10
504300,2.76E-10
504600,2.76E-10
504900,2.77E-10
505200,2.78E-10
505500,2.78E-10
505800,2.79E-10
506100,2.80E-10
506400,2.80E-10
506700,2.81E-10
507000,2.82E-10
507300,2.82E-10
507600,2.83E-10
507900,2.84E-10
508200,2.84E-10
508500,2.85E-10
508800,2.86E-10
509100,2.86E-10
509400,2.87E-10
509700,2.88E-10
510000,2.89E-10
510300,2.89E-10
510600,2.90E-10
510900,2.91E-10
511200,2.91E-10
511500,2.92E-10
511800,2.93E-10
512100,2.93E-10
512400,2.94E-10
512700,2.95E-10
513000,2.96E-10
513300,2.96E-10
513600,2.97E-10
513900,2.98E-10
514200,2.98E-10
514500,2.99E-10
514800,3.00E-10
515100,3.01E-10
515400,3.01E-10
515700,3.02E-10
516000,3.03E-10
516300,3.03E-10
516600,3.04E-10
516900,3.05E-10
517200,3.06E-10
517500,3.06E-10
517800,3.07E-10
518100,3.08E-10
518400,3.09E-10
518700,3.09E-10
519000,3.10E-10
519300,3.11E-10
519600,3.12E-10
519900,3.12E-10
520200,3.13E-10
520500,3.14E-10
520800,3.15E-10
521100,3.15E-10
521400,3.16E-10
521700,3.17E-10
522000,3.18E-10
522300,3.18E-10
522600,3.19E-10
522900,3.20E-10
523200,3.21E-10
523500,3.21E-10
523800,3.22E-10
524100,3.23E-10
524400,3.24E-10
524700,3.25E-10
525000,3.25E-10
525300,3.26E-10
525600,3.27E-10
525900,3.28E-10
526200,3.28E-10
526500,3.29E-10
526800,3.30E-10
527100,3.31E-10
527400,3.32E-10
527700,3.32E-10
528000,3.33E-10
528300,3.34E-10
528600,3.35E-10
528900,3.36E-10
529200,3.36E-10
529500,3.37E-10
529800,3.38E-10
530100,3.39E-10
530400,3.40E-10
530700,3.40E-10
531000,3.41E-10
531300,3.42E-10
531600,3.43E-10
531900,3.44E-10
532200,3.45E-10
532500,3.45E-10
532800,3.46E-10
533100,3.47E-10
533400,3.48E-10
533700,3.49E-10
534000,3.50E-10
534300,3.50E-10
534600,3.51E-10
534900,3.52E-10
535200,3.53E-10
535500,3.54E-10
535800,3.55E-10
536100,3.55E-10
536400,3.56E-10
536700,3.57E-10
537000,3.58E-10
537300,3.59E-10
537600,3.60E-10
537900,3.61E-10
538200,3.61E-10
538500,3.62E-10
538800,3.63E-10
539100,3.64E-10
539400,3.65E-10
539700,3.66E-10
540000,3.67E-10
540300,3.68E-10
540600,3.68E-10
540900,3.69E-10
541200,3.70E-10
541500,3.71E-10
541800,3.72E-10
542100,3.73E-10
542400,3.74E-10
542700,3.75E-10
543000,3.76E-10
543300,3.76E-10
543600,3.77E-10
543900,3.78E-10
544200,3.79E-10
544500,3.80E-10
544800,3.81E-10
545100,3.82E-10
545400,3.83E-10
545700,3.84E-10
546000,3.85E-10
546300,3.86E-10
546600,3.86E-10
546900,3.87E-10
547200,3.88E-10
547500,3.89E-10
547800,3.90E-10
548100,3.91E-10
548400,3.92E-10
548700,3.93E-10
549000,3.94E-10
549300,3.95E-10
549600,3.96E-10
549900,3.97E-10
550200,3.98E-10
550500,3.99E-10
550800,4.00E-10
551100,4.01E-10
551400,4.01E-10
551700,4.02E-10
552000,4.03E-10
552300,4.04E-10
552600,4.05E-10
552900,4.06E-10
553200,4.07E-10
553500,4.08E-10
553800,4.09E-10
554100,4.10E-10
554400,4.11E-10
554700,4.12E-10
555000,4.13E-10
555300,4.14E-10
555600,4.15E-10
555900,4.16E-10
556200,4.17E-10
556500,4.18E-10
556800,4.19E-10
557100,4.20E-10
557400,4.21E-10
557700,4.22E-10
558000,4.23E-10
558300,4.24E-10
558600,4.25E-10
558900,4.26E-10
559200,4.27E-10
559500,4.28E-10
559800,4.29E-10
560100,4.30E-10
560400,4.31E-10
560700,4.32E-10
561000,4.33E-10
561300,4.34E-10
561600,4.35E-10
561900,4.36E-10
562200,4.37E-10
562500,4.38E-10
562800,4.40E-10
563100,4.41E-10
563400,4.42E-10
563700,4.43E-10
564000,4.44E-10
564300,4.45E-10
564600,4.46E-10
564900,4.47E-10
565200,4.48E-10
565500,4.49E-10
565800,4.50E-10
566100,4.51E-10
566400,4.52E-10
566700,4.53E-10
567000,4.54E-10
567300,4.56E-10
567600,4.57E-10
567900,4.58E-10
568200,4.59E-10
568500,4.60E-10
568800,4.61E-10
569100,4.62E-10
569400,4.63E-10
569700,4.64E-10
570000,4.65E-10
570300,4.66E-10
570600,4.68E-10
570900,4.69E-10
571200,4.70E-10
571500,4.71E-10
571800,4.72E-10
572100,4.73E-10
572400,4.74E-10
572700,4.75E-10
573000,4.77E-10
573300,4.78E-10
573600,4.79E-10
573900,4.80E-10
574200,4.81E-10
574500,4.82E-10
574800,4.83E-10
575100,4.85E-10
575400,4.86E-10
575700,4.87E-10
576000,4.88E-10
576300,4.89E-10
576600,4.90E-10
576900,4.92E-10
577200,4.93E-10
577500,4.94E-10
577800,4.95E-10
578100,4.96E-10
578400,4.97E-10
578700,4.99E-10
579000,5.00E-10
579300,5.01E-10
579600,5.02E-10
579900,5.03E-10
580200,5.05E-10
580500,5.06E-10
580800,5.07E-10
581100,5.08E-10
581400,5.09E-10
581700,5.11E-10
582000,5.12E-10
582300,5.13E-10
582600,5.14E-10
582900,5.15E-10
583200,5.17E-10
583500,5.18E-10
583800,5.19E-10
584100,5.20E-10
584400,5.22E-10
584700,5.23E-10
585000,5.24E-10
585300,5.25E-10
585600,5.27E-10
585900,5.28E-10
586200,5.29E-10
586500,5.30E-10
586800,5.32E-10
587100,5.33E-10
587400,5.34E-10
587700,5.35E-10
588000,5.37E-10
588300,5.38E-10
588600,5.39E-10
588900,5.41E-10
589200,5.42E-10
589500,5.43E-10
589800,5.44E-10
590100,5.46E-10
590400,5.47E-10
590700,5.48E-10
591000,5.50E-10
591300,5.51E-10
591600,5.52E-10
591900,5.54E-10
592200,5.55E-10
592500,5.56E-10
592800,5.57E-10
593100,5.59E-10
593400,5.60E-10
593700,5.61E-10
594000,5.63E-10
594300,5.64E-10
594600,5.65E-10
594900,5.67E-10
595200,5.68E-10
595500,5.70E-10
595800,5.71E-10
596100,5.72E-10
596400,5.74E-10
596700,5.75E-10
597000,5.76E-10
597300,5.78E-10
597600,5.79E-10
597900,5.80E-10
598200,5.82E-10
598500,5.83E-10
598800,5.85E-10
599100,5.86E-10
599400,5.87E-10
599700,5.89E-10
600000,5.90E-10
600300,5.92E-10
600600,5.93E-10
600900,5.94E-10
601200,5.96E-10
601500,5.97E-10
601800,5.99E-10
602100,6.00E-10
602400,6.01E-10
602700,6.03E-10
603000,6.04E-10
603300,6.06E-10
603600,6.07E-10
603900,6.09E-10
604200,6.10E-10
604500,6.12E-10
604800,6.13E-10
605100,6.14E-10
605400,6.16E-10
605700,6.17E-10
606000,6.19E-10
606300,6.20E-10
606600,6.22E-10
606900,6.23E-10
607200,6.25E-10
607500,6.26E-10
607800,6.28E-10
608100,6.29E-10
608400,6.31E-10
608700,6.32E-10
609000,6.34E-10
609300,6.35E-10
609600,6.37E-10
609900,6.38E-10
610200,6.40E-10
610500,6.41E-10
610800,6.43E-10
611100,6.44E-10
611400,6.46E-10
611700,6.47E-10
612000,6.49E-10
612300,6.50E-10
612600,6.52E-10
612900,6.53E-10
613200,6.55E-10
613500,6.57E-10
613800,6.58E-10
614100,6.60E-10
614400,6.61E-10
614700,6.63E-10
615000,6.64E-10
615300,6.66E-10
615600,6.68E-10
615900,6.69E-10
616200,6.71E-10
616500,6.72E-10
616800,6.74E-10
617100,6.75E-10
617400,6.77E-10
617700,6.79E-10
618000,6.80E-10
618300,6.82E-10
618600,6.84E-10
618900,6.85E-10
619200,6.87E-10
619500,6.88E-10
619800,6.90E-10
620100,6.92E-10
620400,6.93E-10
620700,6.95E-10
621000,6.97E-10
621300,6.98E-10
621600,7.00E-10
621900,7.02E-10
622200,7.03E-10
622500,7.05E-10
622800,7.07E-10
623100,7.08E-10
623400,7.10E-10
623700,7.12E-10
624000,7.13E-10
624300,7.15E-10
624600,7.17E-10
624900,7.18E-10
625200,7.20E-10
625500,7.22E-10
625800,7.23E-10
626100,7.25E-10
626400,7.27E-10
626700,7.29E-10
627000,7.30E-10
627300,7.32E-10
627600,7.34E-10
627900,7.36E-10
628200,7.37E-10
628500,7.39E-10
628800,7.41E-10
629100,7.43E-10
629400,7.44E-10
629700,7.46E-10
630000,7.48E-10
630300,7.50E-10
630600,7.51E-10
630900,7.53E-10
631200,7.55E-10
631500,7.57E-10
631800,7.59E-10
632100,7.60E-10
632400,7.62E-10
632700,7.64E-10
633000,7.66E-10
633300,7.68E-10
633600,7.69E-10
633900,7.71E-10
634200,7.73E-10
634500,7.75E-10
634800,7.77E-10
635100,7.79E-10
635400,7.80E-10
635700,7.82E-10
636000,7.84E-10
636300,7.86E-10
636600,7.88E-10
636900,7.90E-10
637200,7.92E-10
637500,7.93E-10
637800,7.95E-10
638100,7.97E-10
638400,7.99E-10
638700,8.01E-10
639000,8.03E-10
639300,8.05E-10
639600,8.07E-10
639900,8.09E-10
640200,8.10E-10
640500,8.12E-10
640800,8.14E-10
641100,8.16E-10
641400,8.18E-10
641700,8.20E-10
642000,8.22E-10
642300,8.24E-10
642600,8.26E-10
642900,8.28E-10
643200,8.30E-10
643500,8.32E-10
643800,8.34E-10
644100,8.36E-10
644400,8.38E-10
644700,8.40E-10
645000,8.42E-10
645300,8.44E-10
645600,8.46E-10
645900,8.48E-10
646200,8.50E-10
646500,8.52E-10
646800,8.54E-10
647100,8.56E-10
647400,8.58E-10
647700,8.60E-10
648000,8.62E-10
648300,8.64E-10
648600,8.66E-10
648900,8.68E-10
649200,8.70E-10
649500,8.72E-10
649800,8.74E-10
650100,8.76E-10
650400,8.78E-10
650700,8.80E-10
651000,8.82E-10
651300,8.85E-10
651600,8.87E-10
651900,8.89E-10
652200,8.91E-10
652500,8.93E-10
652800,8.95E-10
653100,8.97E-10
653400,8.99E-10
653700,9.01E-10
654000,9.04E-10
654300,9.06E-10
654600,9.08E-10
654900,9.10E-10
655200,9.12E-10
655500,9.14E-10
655800,9.16E-10
656100,9.19E-10
656400,9.21E-10
656700,9.23E-10
657000,9.25E-10
657300,9.27E-10
657600,9.30E-10
657900,9.32E-10
658200,9.34E-10
658500,9.36E-10
658800,9.38E-10
659100,9.41E-10
659400,9.43E-10
659700,9.45E-10
660000,9.47E-10
660300,9.50E-10
660600,9.52E-10
660900,9.54E-10
661200,9.56E-10
661500,9.59E-10
661800,9.61E-10
662100,9.63E-10
662400,9.65E-10
662700,9.68E-10
663000,9.70E-10
663300,9.72E-10
663600,9.75E-10
663900,9.77E-10
664200,9.79E-10
664500,9.81E-10
664800,9.84E-10
665100,9.86E-10
665400,9.88E-10
665700,9.91E-10
666000,9.93E-10
666300,9.95E-10
666600,9.98E-10
666900,1.00E-09
667200,1.00E-09
667500,1.00E-09
667800,1.01E-09
668100,1.01E-09
668400,1.01E-09
668700,1.01E-09
669000,1.02E-09
669300,1.02E-09
669600,1.02E-09
669900,1.02E-09
670200,1.03E-09
670500,1.03E-09
670800,1.03E-09
671100,1.03E-09
671400,1.04E-09
671700,1.04E-09
672000,1.04E-09
672300,1.04E-09
672600,1.05E-09
672900,1.05E-09
673200,1.05E-09
673500,1.05E-09
673800,1.06E-09
674100,1.06E-09
674400,1.06E-09
674700,1.06E-09
675000,1.07E-09
675300,1.07E-09
675600,1.07E-09
675900,1.07E-09
676200,1.08E-09
676500,1.08E-09
676800,1.08E-09
677100,1.08E-09
677400,1.09E-09
677700,1.09E-09
678000,1.09E-09
678300,1.09E-09
678600,1.10E-09
678900,1.10E-09
679200,1.10E-09
679500,1.10E-09
679800,1.11E-09
680100,1.11E-09
680400,1.11E-09
680700,1.11E-09
681000,1.12E-09
681300,1.12E-09
681600,1.12E-09
681900,1.13E-09
682200,1.13E-09
682500,1.13E-09
682800,1.13E-09
683100,1.14E-09
683400,1.14E-09
683700,1.14E-09
684000,1.14E-09
684300,1.15E-09
684600,1.15E-09
684900,1.15E-09
685200,1.16E-09
685500,1.16E-09
685800,1.16E-09
686100,1.16E-09
686400,1.17E-09
686700,1.17E-09
687000,1.17E-09
687300,1.17E-09
687600,1.18E-09
687900,1.18E-09
688200,1.18E-09
688500,1.19E-09
688800,1.19E-09
689100,1.19E-09
689400,1.19E-09
689700,1.20E-09
690000,1.20E-09
690300,1.20E-09
690600,1.21E-09
690900,1.21E-09
691200,1.21E-09
691500,1.21E-09
691800,1.22E-09
692100,1.22E-09
692400,1.22E-09
692700,1.23E-09
693000,1.23E-09
693300,1.23E-09
693600,1.23E-09
693900,1.24E-09
694200,1.24E-09
694500,1.24E-09
694800,1.25E-09
695100,1.25E-09
695400,1.25E-09
695700,1.25E-09
696000,1.26E-09
696300,1.26E-09
696600,1.26E-09
696900,1.27E-09
697200,1.27E-09
697500,1.27E-09
697800,1.28E-09
698100,1.28E-09
698400,1.28E-09
698700,1.28E-09
699000,1.29E-09
699300,1.29E-09
699600,1.29E-09
699900,1.30E-09
700200,1.30E-09
700500,1.30E-09
700800,1.31E-09
701100,1.31E-09
701400,1.31E-09
701700,1.31E-09
702000,1.32E-09
702300,1.32E-09
702600,1.32E-09
702900,1.33E-09
703200,1.33E-09
703500,1.33E-09
703800,1.34E-09
704100,1.34E-09
704400,1.34E-09
704700,1.35E-09
705000,1.35E-09
705300,1.35E-09
705600,1.36E-09
705900,1.36E-09
706200,1.36E-09
706500,1.37E-09
706800,1.37E-09
707100,1.37E-09
707400,1.38E-09
707700,1.38E-09
708000,1.38E-09
708300,1.38E-09
708600,1.39E-09
708900,1.39E-09
709200,1.39E-09
709500,1.40E-09
709800,1.40E-09
710100,1.40E-09
710400,1.41E-09
710700,1.41E-09
711000,1.41E-09
711300,1.42E-09
711600,1.42E-09
711900,1.42E-09
712200,1.43E-09
712500,1.43E-09
712800,1.43E-09
713100,1.44E-09
713400,1.44E-09
713700,1.44E-09
714000,1.45E-09
714300,1.45E-09
714600,1.46E-09
714900,1.46E-09
715200,1.46E-09
715500,1.47E-09
715800,1.47E-09
716100,1.47E-09
716400,1.48E-09
716700,1.48E-09
717000,1.48E-09
717300,1.49E-09
717600,1.49E-09
717900,1.49E-09
718200,1.50E-09
718500,1.50E-09
718800,1.50E-09
719100,1.51E-09
719400,1.51E-09
719700,1.51E-09
720000,1.52E-09
720300,1.52E-09
720600,1.53E-09
720900,1.53E-09
721200,1.53E-09
721500,1.54E-09
721800,1.54E-09
722100,1.54E-09
722400,1.55E-09
722700,1.55E-09
723000,1.55E-09
723300,1.56E-09
723600,1.56E-09
723900,1.57E-09
724200,1.57E-09
724500,1.57E-09
724800,1.58E-09
725100,1.58E-09
725400,1.58E-09
725700,1.59E-09
726000,1.59E-09
726300,1.60E-09
726600,1.60E-09
726900,1.60E-09
727200,1.61E-09
727500,1.61E-09
727800,1.61E-09
728100,1.62E-09
728400,1.62E-09
728700,1.63E-09
729000,1.63E-09
729300,1.63E-09
729600,1.64E-09
729900,1.64E-09
730200,1.64E-09
730500,1.65E-09
730800,1.65E-09
731100,1.66E-09
731400,1.66E-09
731700,1.66E-09
732000,1.67E-09
732300,1.67E-09
732600,1.68E-09
732900,1.68E-09
733200,1.68E-09
733500,1.69E-09
733800,1.69E-09
734100,1.70E-09
734400,1.70E-09
734700,1.70E-09
735000,1.71E-09
735300,1.71E-09
735600,1.72E-09
735900,1.72E-09
736200,1.72E-09
736500,1.73E-09
736800,1.73E-09
737100,1.74E-09
737400,1.74E-09
737700,1.74E-09
738000,1.75E-09
738300,1.75E-09
738600,1.76E-09
738900,1.76E-09
739200,1.77E-09
739500,1.77E-09
739800,1.77E-09
740100,1.78E-09
740400,1.78E-09
740700,1.79E-09
741000,1.79E-09
741300,1.79E-09
741600,1.80E-09
741900,1.80E-09
742200,1.81E-09
742500,1.81E-09
742800,1.82E-09
743100,1.82E-09
743400,1.82E-09
743700,1.83E-09
744000,1.83E-09
744300,1.84E-09
744600,1.84E-09
744900,1.85E-09
745200,1.85E-09
745500,1.85E-09
745800,1.86E-09
746100,1.86E-09
746400,1.87E-09
746700,1.87E-09
747000,1.88E-09
747300,1.88E-09
747600,1.89E-09
747900,1.89E-09
748200,1.89E-09
748500,1.90E-09
748800,1.90E-09
749100,1.91E-09
749400,1.91E-09
749700,1.92E-09
750000,1.92E-09
750300,1.93E-09
750600,1.93E-09
750900,1.93E-09
751200,1.94E-09
751500,1.94E-09
751800,1.95E-09
752100,1.95E-09
752400,1.96E-09
752700,1.96E-09
753000,1.97E-09
753300,1.97E-09
753600,1.98E-09
753900,1.98E-09
754200,1.99E-09
754500,1.99E-09
754800,2.00E-09
755100,2.00E-09
755400,2.00E-09
755700,2.01E-09
756000,2.01E-09
756300,2.02E-09
756600,2.02E-09
756900,2.03E-09
757200,2.03E-09
757500,2.04E-09
757800,2.04E-09
758100,2.05E-09
758400,2.05E-09
758700,2.06E-09
759000,2.06E-09
759300,2.07E-09
759600,2.07E-09
759900,2.08E-09
760200,2.08E-09
760500,2.09E-09
760800,2.09E-09
761100,2.10E-09
761400,2.10E-09
761700,2.11E-09
762000,2.11E-09
762300,2.12E-09
762600,2.12E-09
762900,2.13E-09
763200,2.13E-09
763500,2.14E-09
763800,2.14E-09
764100,2.15E-09
764400,2.15E-09
764700,2.16E-09
765000,2.16E-09
765300,2.17E-09
765600,2.17E-09
765900,2.18E-09
766200,2.18E-09
766500,2.19E-09
766800,2.19E-09
767100,2.20E-09
767400,2.20E-09
767700,2.21E-09
768000,2.21E-09
768300,2.22E-09
768600,2.22E-09
768900,2.23E-09
769200,2.23E-09
769500,2.24E-09
769800,2.24E-09
770100,2.25E-09
770400,2.25E-09
770700,2.26E-09
771000,2.27E-09
771300,2.27E-09
771600,2.28E-09
771900,2.28E-09
772200,2.29E-09
772500,2.29E-09
772800,2.30E-09
773100,2.30E-09
773400,2.31E-09
773700,2.31E-09
774000,2.32E-09
774300,2.32E-09
774600,2.33E-09
774900,2.34E-09
775200,2.34E-09
775500,2.35E-09
775800,2.35E-09
776100,2.36E-09
776400,2.36E-09
776700,2.37E-09
777000,2.37E-09
777300,2.38E-09
777600,2.39E-09
777900,2.39E-09
778200,2.40E-09
778500,2.40E-09
778800,2.41E-09
779100,2.41E-09
779400,2.42E-09
779700,2.43E-09
780000,2.43E-09
780300,2.44E-09
780600,2.44E-09
780900,2.45E-09
781200,2.45E-09
781500,2.46E-09
781800,2.47E-09
782100,2.47E-09
782400,2.48E-09
782700,2.48E-09
783000,2.49E-09
783300,2.49E-09
783600,2.50E-09
783900,2.51E-09
784200,2.51E-09
784500,2.52E-09
784800,2.52E-09
785100,2.53E-09
785400,2.54E-09
785700,2.54E-09
786000,2.55E-09
786300,2.55E-09
786600,2.56E-09
786900,2.57E-09
787200,2.57E-09
787500,2.58E-09
787800,2.58E-09
788100,2.59E-09
788400,2.60E-09
788700,2.60E-09
789000,2.61E-09
789300,2.61E-09
789600,2.62E-09
789900,2.63E-09
790200,2.63E-09
790500,2.64E-09
790800,2.65E-09
791100,2.65E-09
791400,2.66E-09
791700,2.66E-09
792000,2.67E-09
792300,2.68E-09
792600,2.68E-09
792900,2.69E-09
793200,2.70E-09
793500,2.70E-09
793800,2.71E-09
794100,2.72E-09
794400,2.72E-09
794700,2.73E-09
795000,2.73E-09
795300,2.74E-09
795600,2.75E-09
795900,2.75E-09
796200,2.76E-09
796500,2.77E-09
796800,2.77E-09
797100,2.78E-09
797400,2.79E-09
797700,2.79E-09
798000,2.80E-09
798300,2.81E-09
798600,2.81E-09
798900,2.82E-09
799200,2.83E-09
799500,2.83E-09
799800,2.84E-09
800100,2.85E-09
800400,2.85E-09
800700,2.86E-09
801000,2.87E-09
801300,2.87E-09
801600,2.88E-09
801900,2.89E-09
802200,2.89E-09
802500,2.90E-09
802800,2.91E-09
803100,2.91E-09
803400,2.92E-09
803700,2.93E-09
804000,2.93E-09
804300,2.94E-09
804600,2.95E-09
804900,2.96E-09
805200,2.96E-09
805500,2.97E-09
805800,2.98E-09
806100,2.98E-09
806400,2.99E-09
806700,3.00E-09
807000,3.00E-09
807300,3.01E-09
807600,3.02E-09
807900,3.03E-09
808200,3.03E-09
808500,3.04E-09
808800,3.05E-09
809100,3.05E-09
809400,3.06E-09
809700,3.07E-09
810000,3.08E-09
810300,3.08E-09
810600,3.09E-09
810900,3.10E-09
811200,3.10E-09
811500,3.11E-09
811800,3.12E-09
812100,3.13E-09
812400,3.13E-09
812700,3.14E-09
813000,3.15E-09
813300,3.16E-09
813600,3.16E-09
813900,3.17E-09
814200,3.18E-09
814500,3.19E-09
814800,3.19E-09
815100,3.20E-09
815400,3.21E-09
815700,3.22E-09
816000,3.22E-09
816300,3.23E-09
816600,3.24E-09
816900,3.25E-09
817200,3.25E-09
817500,3.26E-09
817800,3.27E-09
818100,3.28E-09
818400,3.28E-09
818700,3.29E-09
819000,3.30E-09
819300,3.31E-09
819600,3.32E-09
819900,3.32E-09
820200,3.33E-09
820500,3.34E-09
820800,3.35E-09
821100,3.35E-09
821400,3.36E-09
821700,3.37E-09
822000,3.38E-09
822300,3.39E-09
822600,3.39E-09
822900,3.40E-09
823200,3.41E-09
823500,3.42E-09
823800,3.43E-09
824100,3.43E-09
824400,3.44E-09
824700,3.45E-09
825000,3.46E-09
825300,3.47E-09
825600,3.48E-09
825900,3.48E-09
826200,3.49E-09
826500,3.50E-09
826800,3.51E-09
827100,3.52E-09
827400,3.52E-09
827700,3.53E-09
828000,3.54E-09
828300,3.55E-09
828600,3.56E-09
828900,3.57E-09
829200,3.57E-09
829500,3.58E-09
829800,3.59E-09
830100,3.60E-09
830400,3.61E-09
830700,3.62E-09
831000,3.63E-09
831300,3.63E-09
831600,3.64E-09
831900,3.65E-09
832200,3.66E-09
832500,3.67E-09
832800,3.68E-09
833100,3.69E-09
833400,3.69E-09
833700,3.70E-09
834000,3.71E-09
834300,3.72E-09
834600,3.73E-09
834900,3.74E-09
835200,3.75E-09
835500,3.76E-09
835800,3.76E-09
836100,3.77E-09
836400,3.78E-09
836700,3.79E-09
837000,3.80E-09
837300,3.81E-09
837600,3.82E-09
837900,3.83E-09
838200,3.84E-09
838500,3.84E-09
838800,3.85E-09
839100,3.86E-09
839400,3.87E-09
839700,3.88E-09
840000,3.89E-09
840300,3.90E-09
840600,3.91E-09
840900,3.92E-09
841200,3.93E-09
841500,3.94E-09
841800,3.95E-09
842100,3.95E-09
842400,3.96E-09
842700,3.97E-09
843000,3.98E-09
843300,3.99E-09
843600,4.00E-09
843900,4.01E-09
844200,4.02E-09
844500,4.03E-09
844800,4.04E-09
845100,4.05E-09
845400,4.06E-09
845700,4.07E-09
846000,4.08E-09
846300,4.09E-09
846600,4.10E-09
846900,4.11E-09
847200,4.12E-09
847500,4.13E-09
847800,4.14E-09
848100,4.15E-09
848400,4.15E-09
848700,4.16E-09
849000,4.17E-09
849300,4.18E-09
849600,4.19E-09
849900,4.20E-09
850200,4.21E-09
850500,4.22E-09
850800,4.23E-09
851100,4.24E-09
851400,4.25E-09
851700,4.26E-09
852000,4.27E-09
852300,4.28E-09
852600,4.29E-09
852900,4.30E-09
853200,4.31E-09
853500,4.32E-09
853800,4.33E-09
854100,4.34E-09
854400,4.35E-09
854700,4.37E-09
855000,4.38E-09
855300,4.39E-09
855600,4.40E-09
855900,4.41E-09
856200,4.42E-09
856500,4.43E-09
856800,4.44E-09
857100,4.45E-09
857400,4.46E-09
857700,4.47E-09
858000,4.48E-09
858300,4.49E-09
858600,4.50E-09
858900,4.51E-09
859200,4.52E-09
859500,4.53E-09
859800,4.54E-09
860100,4.55E-09
860400,4.56E-09
860700,4.58E-09
861000,4.59E-09
861300,4.60E-09
861600,4.61E-09
861900,4.62E-09
862200,4.63E-09
862500,4.64E-09
862800,4.65E-09
863100,4.66E-09
863400,4.67E-09
863700,4.68E-09
864000,4.69E-09
864300,4.71E-09
864600,4.72E-09
864900,4.73E-09
865200,4.74E-09
865500,4.75E-09
865800,4.76E-09
866100,4.77E-09
866400,4.78E-09
866700,4.80E-09
867000,4.81E-09
867300,4.82E-09
867600,4.83E-09
867900,4.84E-09
868200,4.85E-09
868500,4.86E-09
868800,4.87E-09
869100,4.89E-09
869400,4.90E-09
869700,4.91E-09
870000,4.92E-09
870300,4.93E-09
870600,4.94E-09
870900,4.96E-09
871200,4.97E-09
871500,4.98E-09
871800,4.99E-09
872100,5.00E-09
872400,5.01E-09
872700,5.03E-09
873000,5.04E-09
873300,5.05E-09
873600,5.06E-09
873900,5.07E-09
874200,5.09E-09
874500,5.10E-09
874800,5.11E-09
875100,5.12E-09
875400,5.13E-09
875700,5.15E-09
876000,5.16E-09
876300,5.17E-09
876600,5.18E-09
876900,5.19E-09
877200,5.21E-09
877500,5.22E-09
877800,5.23E-09
878100,5.24E-09
878400,5.26E-09
878700,5.27E-09
879000,5.28E-09
879300,5.29E-09
879600,5.30E-09
879900,5.32E-09
880200,5.33E-09
880500,5.34E-09
880800,5.35E-09
881100,5.37E-09
881400,5.38E-09
881700,5.39E-09
882000,5.41E-09
882300,5.42E-09
882600,5.43E-09
882900,5.44E-09
883200,5.46E-09
883500,5.47E-09
883800,5.48E-09
884100,5.49E-09
884400,5.51E-09
884700,5.52E-09
885000,5.53E-09
885300,5.55E-09
885600,5.56E-09
885900,5.57E-09
886200,5.59E-09
886500,5.60E-09
886800,5.61E-09
887100,5.63E-09
887400,5.64E-09
887700,5.65E-09
888000,5.67E-09
888300,5.68E-09
888600,5.69E-09
888900,5.71E-09
889200,5.72E-09
889500,5.73E-09
889800,5.75E-09
890100,5.76E-09
890400,5.77E-09
890700,5.79E-09
891000,5.80E-09
891300,5.81E-09
891600,5.83E-09
891900,5.84E-09
892200,5.85E-09
892500,5.87E-09
892800,5.88E-09
893100,5.90E-09
893400,5.91E-09
893700,5.92E-09
894000,5.94E-09
894300,5.95E-09
894600,5.97E-09
894900,5.98E-09
895200,5.99E-09
895500,6.01E-09
895800,6.02E-09
896100,6.04E-09
896400,6.05E-09
896700,6.06E-09
897000,6.08E-09
897300,6.09E-09
897600,6.11E-09
897900,6.12E-09
898200,6.14E-09
898500,6.15E-09
898800,6.16E-09
899100,6.18E-09
899400,6.19E-09
899700,6.21E-09
900000,6.22E-09
900300,6.24E-09
900600,6.25E-09
900900,6.27E-09
901200,6.28E-09
901500,6.30E-09
901800,6.31E-09
902100,6.33E-09
902400,6.34E-09
902700,6.36E-09
903000,6.37E-09
903300,6.39E-09
903600,6.40E-09
903900,6.42E-09
904200,6.43E-09
904500,6.45E-09
904800,6.46E-09
905100,6.48E-09
905400,6.49E-09
905700,6.51E-09
906000,6.52E-09
906300,6.54E-09
906600,6.55E-09
906900,6.57E-09
907200,6.58E-09
907500,6.60E-09
907800,6.61E-09
908100,6.63E-09
908400,6.65E-09
908700,6.66E-09
909000,6.68E-09
909300,6.69E-09
909600,6.71E-09
909900,6.72E-09
910200,6.74E-09
910500,6.76E-09
910800,6.77E-09
911100,6.79E-09
911400,6.80E-09
911700,6.82E-09
912000,6.84E-09
912300,6.85E-09
912600,6.87E-09
912900,6.88E-09
913200,6.90E-09
913500,6.92E-09
913800,6.93E-09
914100,6.95E-09
914400,6.97E-09
914700,6.98E-09
915000,7.00E-09
915300,7.01E-09
915600,7.03E-09
915900,7.05E-09
916200,7.06E-09
916500,7.08E-09
916800,7.10E-09
917100,7.11E-09
917400,7.13E-09
917700,7.15E-09
918000,7.16E-09
918300,7.18E-09
918600,7.20E-09
918900,7.22E-09
919200,7.23E-09
919500,7.25E-09
919800,7.27E-09
920100,7.28E-09
920400,7.30E-09
920700,7.32E-09
921000,7.33E-09
921300,7.35E-09
921600,7.37E-09
921900,7.39E-09
922200,7.40E-09
922500,7.42E-09
922800,7.44E-09
923100,7.46E-09
923400,7.47E-09
923700,7.49E-09
924000,7.51E-09
924300,7.53E-09
924600,7.54E-09
924900,7.56E-09
925200,7.58E-09
925500,7.60E-09
925800,7.62E-09
926100,7.63E-09
926400,7.65E-09
926700,7.67E-09
927000,7.69E-09
927300,7.71E-09
927600,7.72E-09
927900,7.74E-09
928200,7.76E-09
928500,7.78E-09
928800,7.80E-09
929100,7.81E-09
929400,7.83E-09
929700,7.85E-09
930000,7.87E-09
930300,7.89E-09
930600,7.91E-09
930900,7.93E-09
931200,7.94E-09
931500,7.96E-09
931800,7.98E-09
932100,8.00E-09
932400,8.02E-09
932700,8.04E-09
933000,8.06E-09
933300,8.08E-09
933600,8.09E-09
933900,8.11E-09
934200,8.13E-09
934500,8.15E-09
934800,8.17E-09
935100,8.19E-09
935400,8.21E-09
935700,8.23E-09
936000,8.25E-09
936300,8.27E-09
936600,8.29E-09
936900,8.31E-09
937200,8.33E-09
937500,8.35E-09
937800,8.37E-09
938100,8.38E-09
938400,8.40E-09
938700,8.42E-09
939000,8.44E-09
939300,8.46E-09
939600,8.48E-09
939900,8.50E-09
940200,8.52E-09
940500,8.54E-09
940800,8.56E-09
941100,8.58E-09
941400,8.60E-09
941700,8.62E-09
942000,8.64E-09
942300,8.66E-09
942600,8.69E-09
942900,8.71E-09
943200,8.73E-09
943500,8.75E-09
943800,8.77E-09
944100,8.79E-09
944400,8.81E-09
944700,8.83E-09
945000,8.85E-09
945300,8.87E-09
945600,8.89E-09
945900,8.91E-09
946200,8.93E-09
946500,8.95E-09
946800,8.98E-09
947100,9.00E-09
947400,9.02E-09
947700,9.04E-09
948000,9.06E-09
948300,9.08E-09
948600,9.10E-09
948900,9.12E-09
949200,9.15E-09
949500,9.17E-09
949800,9.19E-09
950100,9.21E-09
950400,9.23E-09
950700,9.25E-09
951000,9.28E-09
951300,9.30E-09
951600,9.32E-09
951900,9.34E-09
952200,9.36E-09
952500,9.38E-09
952800,9.41E-09
953100,9.43E-09
953400,9.45E-09
953700,9.47E-09
954000,9.50E-09
954300,9.52E-09
954600,9.54E-09
954900,9.56E-09
955200,9.59E-09
955500,9.61E-09
955800,9.63E-09
956100,9.65E-09
956400,9.68E-09
956700,9.70E-09
957000,9.72E-09
957300,9.74E-09
957600,9.77E-09
957900,9.79E-09
958200,9.81E-09
958500,9.84E-09
958800,9.86E-09
959100,9.88E-09
959400,9.91E-09
959700,9.93E-09
960000,9.95E-09
960300,9.98E-09
960600,1.00E-08
960900,1.00E-08
961200,1.00E-08
961500,1.01E-08
961800,1.01E-08
962100,1.01E-08
962400,1.01E-08
962700,1.02E-08
963000,1.02E-08
963300,1.02E-08
963600,1.02E-08
963900,1.03E-08
964200,1.03E-08
964500,1.03E-08
964800,1.03E-08
965100,1.04E-08
965400,1.04E-08
965700,1.04E-08
966000,1.04E-08
966300,1.05E-08
966600,1.05E-08
966900,1.05E-08
967200,1.05E-08
967500,1.06E-08
967800,1.06E-08
968100,1.06E-08
968400,1.06E-08
968700,1.07E-08
969000,1.07E-08
969300,1.07E-08
969600,1.07E-08
969900,1.08E-08
970200,1.08E-08
970500,1.08E-08
970800,1.08E-08
971100,1.09E-08
971400,1.09E-08
971700,1.09E-08
972000,1.09E-08
972300,1.10E-08
972600,1.10E-08
972900,1.10E-08
973200,1.10E-08
973500,1.11E-08
973800,1.11E-08
974100,1.11E-08
974400,1.11E-08
974700,1.12E-08
975000,1.12E-08
975300,1.12E-08
975600,1.12E-08
975900,1.13E-08
976200,1.13E-08
976500,1.13E-08
976800,1.13E-08
977100,1.14E-08
977400,1.14E-08
977700,1.14E-08
978000,1.15E-08
978300,1.15E-08
978600,1.15E-08
978900,1.15E-08
979200,1.16E-08
979500,1.16E-08
979800,1.16E-08
980100,1.16E-08
980400,1.17E-08
980700,1.17E-08
981000,1.17E-08
981300,1.18E-08
981600,1.18E-08
981900,1.18E-08
982200,1.18E-08
982500,1.19E-08
982800,1.19E-08
983100,1.19E-08
983400,1.20E-08
983700,1.20E-08
984000,1.20E-08
984300,1.20E-08
984600,1.21E-08
984900,1.21E-08
985200,1.21E-08
985500,1.21E-08
985800,1.22E-08
986100,1.22E-08
986400,1.22E-08
986700,1.23E-08
987000,1.23E-08
987300,1.23E-08
987600,1.23E-08
987900,1.24E-08
988200,1.24E-08
988500,1.24E-08
988800,1.25E-08
989100,1.25E-08
989400,1.25E-08
989700,1.26E-08
990000,1.26E-08
990300,1.26E-08
990600,1.26E-08
990900,1.27E-08
991200,1.27E-08
991500,1.27E-08
991800,1.28E-08
992100,1.28E-08
992400,1.28E-08
992700,1.29E-08
993000,1.29E-08
993300,1.29E-08
993600,1.29E-08
993900,1.30E-08
994200,1.30E-08
994500,1.30E-08
994800,1.31E-08
995100,1.31E-08
995400,1.31E-08
995700,1.32E-08
996000,1.32E-08
996300,1.32E-08
996600,1.33E-08
996900,1.33E-08
997200,1.33E-08
997500,1.33E-08
997800,1.34E-08
998100,1.34E-08
998400,1.34E-08
998700,1.35E-08
999000,1.35E-08
999300,1.35E-08
999600,1.36E-08
